アイテムB-25%,B025,1
アイテムB-25%,B025,2
アイテムB-25%,B025,3
アイテムB-25%,B025,4
アイテムB-25%,B025,5
アイテムB-25%,B025,6
アイテムB-25%,B025,7
アイテムB-25%,B025,8
アイテムB-25%,B025,9
アイテムB-25%,B025,10
アイテムB-25%,B025,11
アイテムB-25%,B025,12
アイテムB-25%,B025,13
アイテムB-25%,B025,14
アイテムB-25%,B025,15
アイテムB-25%,B025,16
アイテムB-25%,B025,17
アイテムB-25%,B025,18
アイテムB-25%,B025,19
アイテムB-25%,B025,20
アイテムB-25%,B025,21
アイテムB-25%,B025,22
アイテムB-25%,B025,23
アイテムB-25%,B025,24
アイテムB-25%,B025,25
アイテムB-50%,B050,26
アイテムB-50%,B050,27
アイテムB-50%,B050,28
アイテムB-50%,B050,29
アイテムB-50%,B050,30
アイテムB-50%,B050,31
アイテムB-50%,B050,32
アイテムB-50%,B050,33
アイテムB-50%,B050,34
アイテムB-50%,B050,35
アイテムB-50%,B050,36
アイテムB-50%,B050,37
アイテムB-50%,B050,38
アイテムB-50%,B050,39
アイテムB-50%,B050,40
アイテムB-50%,B050,41
アイテムB-50%,B050,42
アイテムB-50%,B050,43
アイテムB-50%,B050,44
アイテムB-50%,B050,45
アイテムB-50%,B050,46
アイテムB-50%,B050,47
アイテムB-50%,B050,48
アイテムB-50%,B050,49
アイテムB-50%,B050,50
アイテムB-50%,B050,51
アイテムB-50%,B050,52
アイテムB-50%,B050,53
アイテムB-50%,B050,54
アイテムB-50%,B050,55
アイテムB-50%,B050,56
アイテムB-50%,B050,57
アイテムB-50%,B050,58
アイテムB-50%,B050,59
アイテムB-50%,B050,60
アイテムB-50%,B050,61
アイテムB-50%,B050,62
アイテムB-50%,B050,63
アイテムB-50%,B050,64
アイテムB-50%,B050,65
アイテムB-50%,B050,66
アイテムB-50%,B050,67
アイテムB-50%,B050,68
アイテムB-50%,B050,69
アイテムB-50%,B050,70
アイテムB-50%,B050,71
アイテムB-50%,B050,72
アイテムB-50%,B050,73
アイテムB-50%,B050,74
アイテムB-50%,B050,75
アイテムB-15%,B015,76
アイテムB-15%,B015,77
アイテムB-15%,B015,78
アイテムB-15%,B015,79
アイテムB-15%,B015,80
アイテムB-15%,B015,81
アイテムB-15%,B015,82
アイテムB-15%,B015,83
アイテムB-15%,B015,84
アイテムB-15%,B015,85
アイテムB-15%,B015,86
アイテムB-15%,B015,87
アイテムB-15%,B015,88
アイテムB-15%,B015,89
アイテムB-15%,B015,90
アイテムB-09%,B009,91
アイテムB-09%,B009,92
アイテムB-09%,B009,93
アイテムB-09%,B009,94
アイテムB-09%,B009,95
アイテムB-09%,B009,96
アイテムB-09%,B009,97
アイテムB-09%,B009,98
アイテムB-09%,B009,99
アイテムB-01%,B001,100